<?xml version="1.0" encoding="UTF-8"?>
<!-- IMPORTANT: This is an internal file that has been generated
     by the Xilinx ISE software.  Any direct editing or
     changes made to this file may result in unpredictable
     behavior or data corruption.  It is strongly advised that
     users do not edit the contents of this file. -->
<DeviceUsageSummary rev="205">
<DesignStatistics TimeStamp="Mon Jun 30 19:14:23 2014"><group name="NetStatistics">
<item name="NumNets_Active" rev="205">
<attrib name="value" value="3170"/></item>
<item name="NumNets_Gnd" rev="205">
<attrib name="value" value="1"/></item>
<item name="NumNets_Vcc" rev="205">
<attrib name="value" value="1"/></item>
<item name="NumNodesOfType_Active_BOUNCEACROSS" rev="205">
<attrib name="value" value="99"/></item>
<item name="NumNodesOfType_Active_BOUNCEIN" rev="205">
<attrib name="value" value="555"/></item>
<item name="NumNodesOfType_Active_BUFGOUT" rev="205">
<attrib name="value" value="4"/></item>
<item name="NumNodesOfType_Active_BUFHINP2OUT" rev="205">
<attrib name="value" value="24"/></item>
<item name="NumNodesOfType_Active_CLKPIN" rev="205">
<attrib name="value" value="400"/></item>
<item name="NumNodesOfType_Active_CLKPINFEED" rev="205">
<attrib name="value" value="37"/></item>
<item name="NumNodesOfType_Active_CNTRLPIN" rev="205">
<attrib name="value" value="482"/></item>
<item name="NumNodesOfType_Active_DOUBLE" rev="205">
<attrib name="value" value="8057"/></item>
<item name="NumNodesOfType_Active_GENERIC" rev="205">
<attrib name="value" value="175"/></item>
<item name="NumNodesOfType_Active_GLOBAL" rev="205">
<attrib name="value" value="181"/></item>
<item name="NumNodesOfType_Active_INPUT" rev="205">
<attrib name="value" value="1270"/></item>
<item name="NumNodesOfType_Active_IOBIN2OUT" rev="205">
<attrib name="value" value="133"/></item>
<item name="NumNodesOfType_Active_IOBOUTPUT" rev="205">
<attrib name="value" value="133"/></item>
<item name="NumNodesOfType_Active_LUTINPUT" rev="205">
<attrib name="value" value="12202"/></item>
<item name="NumNodesOfType_Active_OUTBOUND" rev="205">
<attrib name="value" value="3411"/></item>
<item name="NumNodesOfType_Active_OUTPUT" rev="205">
<attrib name="value" value="3174"/></item>
<item name="NumNodesOfType_Active_PADINPUT" rev="205">
<attrib name="value" value="90"/></item>
<item name="NumNodesOfType_Active_PADOUTPUT" rev="205">
<attrib name="value" value="42"/></item>
<item name="NumNodesOfType_Active_PINBOUNCE" rev="205">
<attrib name="value" value="2337"/></item>
<item name="NumNodesOfType_Active_PINFEED" rev="205">
<attrib name="value" value="13954"/></item>
<item name="NumNodesOfType_Active_QUAD" rev="205">
<attrib name="value" value="5890"/></item>
<item name="NumNodesOfType_Active_REGINPUT" rev="205">
<attrib name="value" value="617"/></item>
<item name="NumNodesOfType_Active_SINGLE" rev="205">
<attrib name="value" value="8740"/></item>
<item name="NumNodesOfType_Gnd_BOUNCEACROSS" rev="205">
<attrib name="value" value="7"/></item>
<item name="NumNodesOfType_Gnd_BOUNCEIN" rev="205">
<attrib name="value" value="544"/></item>
<item name="NumNodesOfType_Gnd_DOUBLE" rev="205">
<attrib name="value" value="31"/></item>
<item name="NumNodesOfType_Gnd_GENERIC" rev="205">
<attrib name="value" value="2"/></item>
<item name="NumNodesOfType_Gnd_HGNDOUT" rev="205">
<attrib name="value" value="228"/></item>
<item name="NumNodesOfType_Gnd_INPUT" rev="205">
<attrib name="value" value="2422"/></item>
<item name="NumNodesOfType_Gnd_IOBIN2OUT" rev="205">
<attrib name="value" value="2"/></item>
<item name="NumNodesOfType_Gnd_IOBOUTPUT" rev="205">
<attrib name="value" value="2"/></item>
<item name="NumNodesOfType_Gnd_LUTINPUT" rev="205">
<attrib name="value" value="712"/></item>
<item name="NumNodesOfType_Gnd_OUTBOUND" rev="205">
<attrib name="value" value="52"/></item>
<item name="NumNodesOfType_Gnd_OUTPUT" rev="205">
<attrib name="value" value="65"/></item>
<item name="NumNodesOfType_Gnd_PADINPUT" rev="205">
<attrib name="value" value="2"/></item>
<item name="NumNodesOfType_Gnd_PINBOUNCE" rev="205">
<attrib name="value" value="912"/></item>
<item name="NumNodesOfType_Gnd_PINFEED" rev="205">
<attrib name="value" value="2915"/></item>
<item name="NumNodesOfType_Gnd_REGINPUT" rev="205">
<attrib name="value" value="70"/></item>
<item name="NumNodesOfType_Gnd_SINGLE" rev="205">
<attrib name="value" value="49"/></item>
<item name="NumNodesOfType_Vcc_HVCCOUT" rev="205">
<attrib name="value" value="256"/></item>
<item name="NumNodesOfType_Vcc_INPUT" rev="205">
<attrib name="value" value="4"/></item>
<item name="NumNodesOfType_Vcc_KVCCOUT" rev="205">
<attrib name="value" value="70"/></item>
<item name="NumNodesOfType_Vcc_LUTINPUT" rev="205">
<attrib name="value" value="909"/></item>
<item name="NumNodesOfType_Vcc_PINBOUNCE" rev="205">
<attrib name="value" value="13"/></item>
<item name="NumNodesOfType_Vcc_PINFEED" rev="205">
<attrib name="value" value="913"/></item>
<item name="NumNodesOfType_Vcc_REGINPUT" rev="205">
<attrib name="value" value="13"/></item>
</group>
<group name="SiteStatistics">
<item name="BUFG-BUFGMUX" rev="205">
<attrib name="value" value="4"/></item>
<item name="IOB-IOBM" rev="205">
<attrib name="value" value="43"/></item>
<item name="IOB-IOBS" rev="205">
<attrib name="value" value="43"/></item>
<item name="SLICEL-SLICEM" rev="205">
<attrib name="value" value="65"/></item>
<item name="SLICEX-SLICEL" rev="205">
<attrib name="value" value="157"/></item>
<item name="SLICEX-SLICEM" rev="205">
<attrib name="value" value="96"/></item>
</group>
<group name="MiscellaneousStatistics">
<item name="AGG_BONDED_IO" rev="204">
<attrib name="value" value="86"/></item>
<item name="AGG_IO" rev="204">
<attrib name="value" value="86"/></item>
<item name="AGG_LOCED_IO" rev="204">
<attrib name="value" value="86"/></item>
<item name="AGG_SLICE" rev="204">
<attrib name="value" value="906"/></item>
<item name="NUM_BONDED_IOB" rev="204">
<attrib name="value" value="86"/></item>
<item name="NUM_BSFULL" rev="204">
<attrib name="value" value="710"/></item>
<item name="NUM_BSLUTONLY" rev="204">
<attrib name="value" value="1780"/></item>
<item name="NUM_BSREGONLY" rev="204">
<attrib name="value" value="130"/></item>
<item name="NUM_BSUSED" rev="204">
<attrib name="value" value="2620"/></item>
<item name="NUM_BUFG" rev="204">
<attrib name="value" value="4"/></item>
<item name="NUM_DPRAM_O6ONLY" rev="204">
<attrib name="value" value="396"/></item>
<item name="NUM_LOCED_IOB" rev="204">
<attrib name="value" value="86"/></item>
<item name="NUM_LOGIC_O5ANDO6" rev="204">
<attrib name="value" value="294"/></item>
<item name="NUM_LOGIC_O5ONLY" rev="204">
<attrib name="value" value="28"/></item>
<item name="NUM_LOGIC_O6ONLY" rev="204">
<attrib name="value" value="1761"/></item>
<item name="NUM_LUT_RT_DRIVES_CARRY4" rev="204">
<attrib name="value" value="3"/></item>
<item name="NUM_LUT_RT_DRIVES_FLOP" rev="204">
<attrib name="value" value="8"/></item>
<item name="NUM_LUT_RT_EXO5" rev="204">
<attrib name="value" value="8"/></item>
<item name="NUM_LUT_RT_EXO6" rev="204">
<attrib name="value" value="3"/></item>
<item name="NUM_LUT_RT_O5" rev="204">
<attrib name="value" value="3"/></item>
<item name="NUM_LUT_RT_O6" rev="204">
<attrib name="value" value="28"/></item>
<item name="NUM_RAMB16BWER" rev="204">
<attrib name="value" value="31"/></item>
<item name="NUM_RAMB8BWER" rev="204">
<attrib name="value" value="1"/></item>
<item name="NUM_SLICEL" rev="204">
<attrib name="value" value="153"/></item>
<item name="NUM_SLICEM" rev="204">
<attrib name="value" value="99"/></item>
<item name="NUM_SLICEX" rev="204">
<attrib name="value" value="654"/></item>
<item name="NUM_SLICE_CARRY4" rev="204">
<attrib name="value" value="37"/></item>
<item name="NUM_SLICE_CONTROLSET" rev="204">
<attrib name="value" value="59"/></item>
<item name="NUM_SLICE_CYINIT" rev="204">
<attrib name="value" value="2827"/></item>
<item name="NUM_SLICE_F7MUX" rev="204">
<attrib name="value" value="125"/></item>
<item name="NUM_SLICE_F8MUX" rev="204">
<attrib name="value" value="6"/></item>
<item name="NUM_SLICE_FF" rev="204">
<attrib name="value" value="868"/></item>
<item name="NUM_SLICE_UNUSEDCTRL" rev="204">
<attrib name="value" value="506"/></item>
<item name="NUM_UNUSABLE_FF_BELS" rev="204">
<attrib name="value" value="240"/></item>
<item name="Xilinx Core blk_mem_gen_v7_3, Xilinx CORE Generator 14.5" rev="204">
<attrib name="value" value="1"/></item>
<item name="Xilinx Core blk_mem_gen_v7_3, Xilinx CORE Generator 14.7" rev="204">
<attrib name="value" value="2"/></item>
</group>
</DesignStatistics>
<DeviceUsage TimeStamp="Mon Jun 30 19:14:23 2014"><group name="SiteSummary">
<item name="BUFG" rev="205">
<attrib name="total" value="1000000"/><attrib name="used" value="4"/></item>
<item name="BUFG_BUFG" rev="205">
<attrib name="total" value="1000000"/><attrib name="used" value="4"/></item>
<item name="CARRY4" rev="205">
<attrib name="total" value="1000000"/><attrib name="used" value="37"/></item>
<item name="FF_SR" rev="205">
<attrib name="total" value="1000000"/><attrib name="used" value="36"/></item>
<item name="HARD0" rev="205">
<attrib name="total" value="1000000"/><attrib name="used" value="4"/></item>
<item name="HARD1" rev="205">
<attrib name="total" value="1000000"/><attrib name="used" value="8"/></item>
<item name="INVERTER" rev="205">
<attrib name="total" value="1000000"/><attrib name="used" value="1"/></item>
<item name="IOB" rev="205">
<attrib name="total" value="1000000"/><attrib name="used" value="86"/></item>
<item name="IOB_IMUX" rev="205">
<attrib name="total" value="1000000"/><attrib name="used" value="42"/></item>
<item name="IOB_INBUF" rev="205">
<attrib name="total" value="1000000"/><attrib name="used" value="42"/></item>
<item name="IOB_OUTBUF" rev="205">
<attrib name="total" value="1000000"/><attrib name="used" value="68"/></item>
<item name="LUT5" rev="205">
<attrib name="total" value="1000000"/><attrib name="used" value="333"/></item>
<item name="LUT6" rev="205">
<attrib name="total" value="1000000"/><attrib name="used" value="2086"/></item>
<item name="LUT_OR_MEM6" rev="205">
<attrib name="total" value="1000000"/><attrib name="used" value="396"/></item>
<item name="PAD" rev="205">
<attrib name="total" value="1000000"/><attrib name="used" value="86"/></item>
<item name="RAMB16BWER" rev="205">
<attrib name="total" value="1000000"/><attrib name="used" value="31"/></item>
<item name="RAMB16BWER_RAMB16BWER" rev="205">
<attrib name="total" value="1000000"/><attrib name="used" value="31"/></item>
<item name="RAMB8BWER" rev="205">
<attrib name="total" value="1000000"/><attrib name="used" value="1"/></item>
<item name="RAMB8BWER_RAMB8BWER" rev="205">
<attrib name="total" value="1000000"/><attrib name="used" value="1"/></item>
<item name="REG_SR" rev="205">
<attrib name="total" value="1000000"/><attrib name="used" value="832"/></item>
<item name="SELMUX2_1" rev="205">
<attrib name="total" value="1000000"/><attrib name="used" value="131"/></item>
<item name="SLICEL" rev="205">
<attrib name="total" value="1000000"/><attrib name="used" value="153"/></item>
<item name="SLICEM" rev="205">
<attrib name="total" value="1000000"/><attrib name="used" value="99"/></item>
<item name="SLICEX" rev="205">
<attrib name="total" value="1000000"/><attrib name="used" value="654"/></item>
</group>
</DeviceUsage>
<ReportConfigData TimeStamp="Mon Jun 30 19:14:23 2014"><group name="REG_SR">
<item name="CK" rev="205">
<attrib name="CK" value="656"/><attrib name="CK_INV" value="176"/></item>
<item name="LATCH_OR_FF" rev="205">
<attrib name="FF" value="832"/></item>
<item name="SRINIT" rev="205">
<attrib name="SRINIT0" value="829"/><attrib name="SRINIT1" value="3"/></item>
<item name="SYNC_ATTR" rev="205">
<attrib name="ASYNC" value="729"/><attrib name="SYNC" value="103"/></item>
</group>
<group name="LUT_OR_MEM6">
<item name="CLK" rev="205">
<attrib name="CLK" value="396"/><attrib name="CLK_INV" value="0"/></item>
<item name="LUT_OR_MEM" rev="205">
<attrib name="RAM" value="396"/></item>
<item name="RAMMODE" rev="205">
<attrib name="DPRAM64" value="396"/></item>
</group>
<group name="SLICEL">
<item name="CLK" rev="205">
<attrib name="CLK" value="36"/><attrib name="CLK_INV" value="2"/></item>
</group>
<group name="SLICEM">
<item name="CLK" rev="205">
<attrib name="CLK" value="99"/><attrib name="CLK_INV" value="0"/></item>
</group>
<group name="IOB_OUTBUF">
<item name="DRIVEATTRBOX" rev="205">
<attrib name="12" value="68"/></item>
<item name="SLEW" rev="205">
<attrib name="SLOW" value="68"/></item>
<item name="SUSPEND" rev="205">
<attrib name="3STATE" value="68"/></item>
</group>
<group name="SLICEX">
<item name="CLK" rev="205">
<attrib name="CLK" value="210"/><attrib name="CLK_INV" value="53"/></item>
</group>
<group name="RAMB16BWER">
<item name="CLKA" rev="205">
<attrib name="CLKA_INV" value="30"/><attrib name="CLKA" value="1"/></item>
<item name="CLKB" rev="205">
<attrib name="CLKB_INV" value="0"/><attrib name="CLKB" value="31"/></item>
<item name="ENA" rev="205">
<attrib name="ENA_INV" value="0"/><attrib name="ENA" value="31"/></item>
<item name="ENB" rev="205">
<attrib name="ENB_INV" value="0"/><attrib name="ENB" value="31"/></item>
<item name="REGCEA" rev="205">
<attrib name="REGCEA_INV" value="0"/><attrib name="REGCEA" value="31"/></item>
<item name="REGCEB" rev="205">
<attrib name="REGCEB_INV" value="0"/><attrib name="REGCEB" value="31"/></item>
<item name="RSTA" rev="205">
<attrib name="RSTA" value="31"/><attrib name="RSTA_INV" value="0"/></item>
<item name="RSTB" rev="205">
<attrib name="RSTB" value="31"/><attrib name="RSTB_INV" value="0"/></item>
<item name="WEA0" rev="205">
<attrib name="WEA0" value="31"/><attrib name="WEA0_INV" value="0"/></item>
<item name="WEA1" rev="205">
<attrib name="WEA1" value="31"/><attrib name="WEA1_INV" value="0"/></item>
<item name="WEA2" rev="205">
<attrib name="WEA2" value="31"/><attrib name="WEA2_INV" value="0"/></item>
<item name="WEA3" rev="205">
<attrib name="WEA3_INV" value="0"/><attrib name="WEA3" value="31"/></item>
<item name="WEB0" rev="205">
<attrib name="WEB0" value="31"/><attrib name="WEB0_INV" value="0"/></item>
<item name="WEB1" rev="205">
<attrib name="WEB1" value="31"/><attrib name="WEB1_INV" value="0"/></item>
<item name="WEB2" rev="205">
<attrib name="WEB2_INV" value="0"/><attrib name="WEB2" value="31"/></item>
<item name="WEB3" rev="205">
<attrib name="WEB3" value="31"/><attrib name="WEB3_INV" value="0"/></item>
</group>
<group name="RAMB8BWER">
<item name="CLKAWRCLK" rev="205">
<attrib name="CLKAWRCLK" value="1"/><attrib name="CLKAWRCLK_INV" value="0"/></item>
<item name="CLKBRDCLK" rev="205">
<attrib name="CLKBRDCLK_INV" value="0"/><attrib name="CLKBRDCLK" value="1"/></item>
<item name="ENAWREN" rev="205">
<attrib name="ENAWREN" value="1"/><attrib name="ENAWREN_INV" value="0"/></item>
<item name="ENBRDEN" rev="205">
<attrib name="ENBRDEN_INV" value="0"/><attrib name="ENBRDEN" value="1"/></item>
<item name="REGCEA" rev="205">
<attrib name="REGCEA_INV" value="0"/><attrib name="REGCEA" value="1"/></item>
<item name="REGCEBREGCE" rev="205">
<attrib name="REGCEBREGCE_INV" value="0"/><attrib name="REGCEBREGCE" value="1"/></item>
<item name="RSTA" rev="205">
<attrib name="RSTA" value="1"/><attrib name="RSTA_INV" value="0"/></item>
<item name="RSTBRST" rev="205">
<attrib name="RSTBRST" value="1"/><attrib name="RSTBRST_INV" value="0"/></item>
<item name="WEAWEL0" rev="205">
<attrib name="WEAWEL0" value="1"/><attrib name="WEAWEL0_INV" value="0"/></item>
<item name="WEAWEL1" rev="205">
<attrib name="WEAWEL1_INV" value="0"/><attrib name="WEAWEL1" value="1"/></item>
<item name="WEBWEU0" rev="205">
<attrib name="WEBWEU0" value="1"/><attrib name="WEBWEU0_INV" value="0"/></item>
<item name="WEBWEU1" rev="205">
<attrib name="WEBWEU1" value="1"/><attrib name="WEBWEU1_INV" value="0"/></item>
</group>
<group name="RAMB16BWER_RAMB16BWER">
<item name="CLKA" rev="205">
<attrib name="CLKA_INV" value="30"/><attrib name="CLKA" value="1"/></item>
<item name="CLKB" rev="205">
<attrib name="CLKB_INV" value="0"/><attrib name="CLKB" value="31"/></item>
<item name="DATA_WIDTH_A" rev="205">
<attrib name="9" value="30"/><attrib name="36" value="1"/></item>
<item name="DATA_WIDTH_B" rev="205">
<attrib name="9" value="30"/><attrib name="36" value="1"/></item>
<item name="DOA_REG" rev="205">
<attrib name="0" value="31"/></item>
<item name="DOB_REG" rev="205">
<attrib name="0" value="31"/></item>
<item name="ENA" rev="205">
<attrib name="ENA_INV" value="0"/><attrib name="ENA" value="31"/></item>
<item name="ENB" rev="205">
<attrib name="ENB_INV" value="0"/><attrib name="ENB" value="31"/></item>
<item name="EN_RSTRAM_A" rev="205">
<attrib name="FALSE" value="31"/></item>
<item name="EN_RSTRAM_B" rev="205">
<attrib name="FALSE" value="31"/></item>
<item name="RAM_MODE" rev="205">
<attrib name="TDP" value="31"/></item>
<item name="REGCEA" rev="205">
<attrib name="REGCEA_INV" value="0"/><attrib name="REGCEA" value="31"/></item>
<item name="REGCEB" rev="205">
<attrib name="REGCEB_INV" value="0"/><attrib name="REGCEB" value="31"/></item>
<item name="RSTA" rev="205">
<attrib name="RSTA" value="31"/><attrib name="RSTA_INV" value="0"/></item>
<item name="RSTB" rev="205">
<attrib name="RSTB" value="31"/><attrib name="RSTB_INV" value="0"/></item>
<item name="RSTTYPE" rev="205">
<attrib name="SYNC" value="31"/></item>
<item name="RST_PRIORITY_A" rev="205">
<attrib name="CE" value="31"/></item>
<item name="RST_PRIORITY_B" rev="205">
<attrib name="CE" value="31"/></item>
<item name="WEA0" rev="205">
<attrib name="WEA0" value="31"/><attrib name="WEA0_INV" value="0"/></item>
<item name="WEA1" rev="205">
<attrib name="WEA1" value="31"/><attrib name="WEA1_INV" value="0"/></item>
<item name="WEA2" rev="205">
<attrib name="WEA2" value="31"/><attrib name="WEA2_INV" value="0"/></item>
<item name="WEA3" rev="205">
<attrib name="WEA3_INV" value="0"/><attrib name="WEA3" value="31"/></item>
<item name="WEB0" rev="205">
<attrib name="WEB0" value="31"/><attrib name="WEB0_INV" value="0"/></item>
<item name="WEB1" rev="205">
<attrib name="WEB1" value="31"/><attrib name="WEB1_INV" value="0"/></item>
<item name="WEB2" rev="205">
<attrib name="WEB2_INV" value="0"/><attrib name="WEB2" value="31"/></item>
<item name="WEB3" rev="205">
<attrib name="WEB3" value="31"/><attrib name="WEB3_INV" value="0"/></item>
<item name="WRITE_MODE_A" rev="205">
<attrib name="WRITE_FIRST" value="31"/></item>
<item name="WRITE_MODE_B" rev="205">
<attrib name="WRITE_FIRST" value="31"/></item>
</group>
<group name="FF_SR">
<item name="CK" rev="205">
<attrib name="CK" value="36"/><attrib name="CK_INV" value="0"/></item>
<item name="SRINIT" rev="205">
<attrib name="SRINIT0" value="36"/></item>
<item name="SYNC_ATTR" rev="205">
<attrib name="ASYNC" value="32"/><attrib name="SYNC" value="4"/></item>
</group>
<group name="RAMB8BWER_RAMB8BWER">
<item name="CLKAWRCLK" rev="205">
<attrib name="CLKAWRCLK" value="1"/><attrib name="CLKAWRCLK_INV" value="0"/></item>
<item name="CLKBRDCLK" rev="205">
<attrib name="CLKBRDCLK_INV" value="0"/><attrib name="CLKBRDCLK" value="1"/></item>
<item name="DATA_WIDTH_A" rev="205">
<attrib name="36" value="1"/></item>
<item name="DATA_WIDTH_B" rev="205">
<attrib name="36" value="1"/></item>
<item name="DOA_REG" rev="205">
<attrib name="0" value="1"/></item>
<item name="DOB_REG" rev="205">
<attrib name="0" value="1"/></item>
<item name="ENAWREN" rev="205">
<attrib name="ENAWREN" value="1"/><attrib name="ENAWREN_INV" value="0"/></item>
<item name="ENBRDEN" rev="205">
<attrib name="ENBRDEN_INV" value="0"/><attrib name="ENBRDEN" value="1"/></item>
<item name="EN_RSTRAM_A" rev="205">
<attrib name="FALSE" value="1"/></item>
<item name="EN_RSTRAM_B" rev="205">
<attrib name="FALSE" value="1"/></item>
<item name="RAM_MODE" rev="205">
<attrib name="SDP" value="1"/></item>
<item name="REGCEA" rev="205">
<attrib name="REGCEA_INV" value="0"/><attrib name="REGCEA" value="1"/></item>
<item name="REGCEBREGCE" rev="205">
<attrib name="REGCEBREGCE_INV" value="0"/><attrib name="REGCEBREGCE" value="1"/></item>
<item name="RSTA" rev="205">
<attrib name="RSTA" value="1"/><attrib name="RSTA_INV" value="0"/></item>
<item name="RSTBRST" rev="205">
<attrib name="RSTBRST" value="1"/><attrib name="RSTBRST_INV" value="0"/></item>
<item name="RSTTYPE" rev="205">
<attrib name="SYNC" value="1"/></item>
<item name="RST_PRIORITY_A" rev="205">
<attrib name="CE" value="1"/></item>
<item name="RST_PRIORITY_B" rev="205">
<attrib name="CE" value="1"/></item>
<item name="WEAWEL0" rev="205">
<attrib name="WEAWEL0" value="1"/><attrib name="WEAWEL0_INV" value="0"/></item>
<item name="WEAWEL1" rev="205">
<attrib name="WEAWEL1_INV" value="0"/><attrib name="WEAWEL1" value="1"/></item>
<item name="WEBWEU0" rev="205">
<attrib name="WEBWEU0" value="1"/><attrib name="WEBWEU0_INV" value="0"/></item>
<item name="WEBWEU1" rev="205">
<attrib name="WEBWEU1" value="1"/><attrib name="WEBWEU1_INV" value="0"/></item>
<item name="WRITE_MODE_A" rev="205">
<attrib name="WRITE_FIRST" value="1"/></item>
<item name="WRITE_MODE_B" rev="205">
<attrib name="WRITE_FIRST" value="1"/></item>
</group>
</ReportConfigData>
<ReportPinData TimeStamp="Mon Jun 30 19:14:23 2014"><group name="REG_SR">
<item name="CE" rev="205">
<attrib name="value" value="630"/></item>
<item name="CK" rev="205">
<attrib name="value" value="832"/></item>
<item name="D" rev="205">
<attrib name="value" value="832"/></item>
<item name="Q" rev="205">
<attrib name="value" value="832"/></item>
<item name="SR" rev="205">
<attrib name="value" value="408"/></item>
</group>
<group name="LUT_OR_MEM6">
<item name="A1" rev="205">
<attrib name="value" value="396"/></item>
<item name="A2" rev="205">
<attrib name="value" value="396"/></item>
<item name="A3" rev="205">
<attrib name="value" value="396"/></item>
<item name="A4" rev="205">
<attrib name="value" value="396"/></item>
<item name="A5" rev="205">
<attrib name="value" value="396"/></item>
<item name="A6" rev="205">
<attrib name="value" value="396"/></item>
<item name="CLK" rev="205">
<attrib name="value" value="396"/></item>
<item name="DI1" rev="205">
<attrib name="value" value="396"/></item>
<item name="O6" rev="205">
<attrib name="value" value="330"/></item>
<item name="WA1" rev="205">
<attrib name="value" value="396"/></item>
<item name="WA2" rev="205">
<attrib name="value" value="396"/></item>
<item name="WA3" rev="205">
<attrib name="value" value="396"/></item>
<item name="WA4" rev="205">
<attrib name="value" value="396"/></item>
<item name="WA5" rev="205">
<attrib name="value" value="396"/></item>
<item name="WA6" rev="205">
<attrib name="value" value="396"/></item>
<item name="WE" rev="205">
<attrib name="value" value="396"/></item>
</group>
<group name="SLICEL">
<item name="A" rev="205">
<attrib name="value" value="79"/></item>
<item name="A1" rev="205">
<attrib name="value" value="44"/></item>
<item name="A2" rev="205">
<attrib name="value" value="102"/></item>
<item name="A3" rev="205">
<attrib name="value" value="104"/></item>
<item name="A4" rev="205">
<attrib name="value" value="122"/></item>
<item name="A5" rev="205">
<attrib name="value" value="120"/></item>
<item name="A6" rev="205">
<attrib name="value" value="127"/></item>
<item name="AMUX" rev="205">
<attrib name="value" value="19"/></item>
<item name="AQ" rev="205">
<attrib name="value" value="27"/></item>
<item name="AX" rev="205">
<attrib name="value" value="19"/></item>
<item name="B" rev="205">
<attrib name="value" value="75"/></item>
<item name="B1" rev="205">
<attrib name="value" value="71"/></item>
<item name="B2" rev="205">
<attrib name="value" value="95"/></item>
<item name="B3" rev="205">
<attrib name="value" value="98"/></item>
<item name="B4" rev="205">
<attrib name="value" value="107"/></item>
<item name="B5" rev="205">
<attrib name="value" value="104"/></item>
<item name="B6" rev="205">
<attrib name="value" value="109"/></item>
<item name="BMUX" rev="205">
<attrib name="value" value="27"/></item>
<item name="BQ" rev="205">
<attrib name="value" value="22"/></item>
<item name="BX" rev="205">
<attrib name="value" value="15"/></item>
<item name="C" rev="205">
<attrib name="value" value="2"/></item>
<item name="C1" rev="205">
<attrib name="value" value="107"/></item>
<item name="C2" rev="205">
<attrib name="value" value="121"/></item>
<item name="C3" rev="205">
<attrib name="value" value="133"/></item>
<item name="C4" rev="205">
<attrib name="value" value="140"/></item>
<item name="C5" rev="205">
<attrib name="value" value="140"/></item>
<item name="C6" rev="205">
<attrib name="value" value="144"/></item>
<item name="CE" rev="205">
<attrib name="value" value="21"/></item>
<item name="CIN" rev="205">
<attrib name="value" value="22"/></item>
<item name="CLK" rev="205">
<attrib name="value" value="38"/></item>
<item name="CMUX" rev="205">
<attrib name="value" value="113"/></item>
<item name="COUT" rev="205">
<attrib name="value" value="22"/></item>
<item name="CQ" rev="205">
<attrib name="value" value="20"/></item>
<item name="CX" rev="205">
<attrib name="value" value="122"/></item>
<item name="D" rev="205">
<attrib name="value" value="5"/></item>
<item name="D1" rev="205">
<attrib name="value" value="108"/></item>
<item name="D2" rev="205">
<attrib name="value" value="126"/></item>
<item name="D3" rev="205">
<attrib name="value" value="126"/></item>
<item name="D4" rev="205">
<attrib name="value" value="135"/></item>
<item name="D5" rev="205">
<attrib name="value" value="134"/></item>
<item name="D6" rev="205">
<attrib name="value" value="138"/></item>
<item name="DMUX" rev="205">
<attrib name="value" value="10"/></item>
<item name="DQ" rev="205">
<attrib name="value" value="13"/></item>
<item name="DX" rev="205">
<attrib name="value" value="4"/></item>
<item name="SR" rev="205">
<attrib name="value" value="27"/></item>
</group>
<group name="SLICEM">
<item name="A" rev="205">
<attrib name="value" value="91"/></item>
<item name="A1" rev="205">
<attrib name="value" value="99"/></item>
<item name="A2" rev="205">
<attrib name="value" value="99"/></item>
<item name="A3" rev="205">
<attrib name="value" value="99"/></item>
<item name="A4" rev="205">
<attrib name="value" value="99"/></item>
<item name="A5" rev="205">
<attrib name="value" value="99"/></item>
<item name="A6" rev="205">
<attrib name="value" value="99"/></item>
<item name="AQ" rev="205">
<attrib name="value" value="8"/></item>
<item name="AX" rev="205">
<attrib name="value" value="91"/></item>
<item name="B" rev="205">
<attrib name="value" value="91"/></item>
<item name="B1" rev="205">
<attrib name="value" value="99"/></item>
<item name="B2" rev="205">
<attrib name="value" value="99"/></item>
<item name="B3" rev="205">
<attrib name="value" value="99"/></item>
<item name="B4" rev="205">
<attrib name="value" value="99"/></item>
<item name="B5" rev="205">
<attrib name="value" value="99"/></item>
<item name="B6" rev="205">
<attrib name="value" value="99"/></item>
<item name="BQ" rev="205">
<attrib name="value" value="8"/></item>
<item name="BX" rev="205">
<attrib name="value" value="66"/></item>
<item name="C" rev="205">
<attrib name="value" value="66"/></item>
<item name="C1" rev="205">
<attrib name="value" value="99"/></item>
<item name="C2" rev="205">
<attrib name="value" value="99"/></item>
<item name="C3" rev="205">
<attrib name="value" value="99"/></item>
<item name="C4" rev="205">
<attrib name="value" value="99"/></item>
<item name="C5" rev="205">
<attrib name="value" value="99"/></item>
<item name="C6" rev="205">
<attrib name="value" value="99"/></item>
<item name="CE" rev="205">
<attrib name="value" value="99"/></item>
<item name="CLK" rev="205">
<attrib name="value" value="99"/></item>
<item name="CX" rev="205">
<attrib name="value" value="91"/></item>
<item name="D" rev="205">
<attrib name="value" value="66"/></item>
<item name="D1" rev="205">
<attrib name="value" value="99"/></item>
<item name="D2" rev="205">
<attrib name="value" value="99"/></item>
<item name="D3" rev="205">
<attrib name="value" value="99"/></item>
<item name="D4" rev="205">
<attrib name="value" value="99"/></item>
<item name="D5" rev="205">
<attrib name="value" value="99"/></item>
<item name="D6" rev="205">
<attrib name="value" value="99"/></item>
<item name="DX" rev="205">
<attrib name="value" value="99"/></item>
<item name="SR" rev="205">
<attrib name="value" value="8"/></item>
</group>
<group name="IOB_OUTBUF">
<item name="IN" rev="205">
<attrib name="value" value="68"/></item>
<item name="OUT" rev="205">
<attrib name="value" value="68"/></item>
<item name="TRI" rev="205">
<attrib name="value" value="24"/></item>
</group>
<group name="SLICEX">
<item name="A" rev="205">
<attrib name="value" value="401"/></item>
<item name="A1" rev="205">
<attrib name="value" value="408"/></item>
<item name="A2" rev="205">
<attrib name="value" value="505"/></item>
<item name="A3" rev="205">
<attrib name="value" value="533"/></item>
<item name="A4" rev="205">
<attrib name="value" value="549"/></item>
<item name="A5" rev="205">
<attrib name="value" value="555"/></item>
<item name="A6" rev="205">
<attrib name="value" value="557"/></item>
<item name="AMUX" rev="205">
<attrib name="value" value="71"/></item>
<item name="AQ" rev="205">
<attrib name="value" value="230"/></item>
<item name="AX" rev="205">
<attrib name="value" value="68"/></item>
<item name="B" rev="205">
<attrib name="value" value="273"/></item>
<item name="B1" rev="205">
<attrib name="value" value="293"/></item>
<item name="B2" rev="205">
<attrib name="value" value="355"/></item>
<item name="B3" rev="205">
<attrib name="value" value="376"/></item>
<item name="B4" rev="205">
<attrib name="value" value="390"/></item>
<item name="B5" rev="205">
<attrib name="value" value="396"/></item>
<item name="B6" rev="205">
<attrib name="value" value="397"/></item>
<item name="BMUX" rev="205">
<attrib name="value" value="59"/></item>
<item name="BQ" rev="205">
<attrib name="value" value="176"/></item>
<item name="BX" rev="205">
<attrib name="value" value="50"/></item>
<item name="C" rev="205">
<attrib name="value" value="136"/></item>
<item name="C1" rev="205">
<attrib name="value" value="202"/></item>
<item name="C2" rev="205">
<attrib name="value" value="247"/></item>
<item name="C3" rev="205">
<attrib name="value" value="275"/></item>
<item name="C4" rev="205">
<attrib name="value" value="279"/></item>
<item name="C5" rev="205">
<attrib name="value" value="279"/></item>
<item name="C6" rev="205">
<attrib name="value" value="278"/></item>
<item name="CE" rev="205">
<attrib name="value" value="191"/></item>
<item name="CLK" rev="205">
<attrib name="value" value="263"/></item>
<item name="CMUX" rev="205">
<attrib name="value" value="41"/></item>
<item name="CQ" rev="205">
<attrib name="value" value="182"/></item>
<item name="CX" rev="205">
<attrib name="value" value="39"/></item>
<item name="D" rev="205">
<attrib name="value" value="211"/></item>
<item name="D1" rev="205">
<attrib name="value" value="244"/></item>
<item name="D2" rev="205">
<attrib name="value" value="302"/></item>
<item name="D3" rev="205">
<attrib name="value" value="312"/></item>
<item name="D4" rev="205">
<attrib name="value" value="318"/></item>
<item name="D5" rev="205">
<attrib name="value" value="321"/></item>
<item name="D6" rev="205">
<attrib name="value" value="321"/></item>
<item name="DMUX" rev="205">
<attrib name="value" value="46"/></item>
<item name="DQ" rev="205">
<attrib name="value" value="146"/></item>
<item name="DX" rev="205">
<attrib name="value" value="36"/></item>
<item name="SR" rev="205">
<attrib name="value" value="136"/></item>
</group>
<group name="BUFG_BUFG">
<item name="I0" rev="205">
<attrib name="value" value="4"/></item>
<item name="O" rev="205">
<attrib name="value" value="4"/></item>
</group>
<group name="PAD">
<item name="PAD" rev="205">
<attrib name="value" value="86"/></item>
</group>
<group name="IOB_INBUF">
<item name="OUT" rev="205">
<attrib name="value" value="42"/></item>
<item name="PAD" rev="205">
<attrib name="value" value="42"/></item>
</group>
<group name="RAMB16BWER">
<item name="ADDRA0" rev="205">
<attrib name="value" value="31"/></item>
<item name="ADDRA1" rev="205">
<attrib name="value" value="31"/></item>
<item name="ADDRA10" rev="205">
<attrib name="value" value="31"/></item>
<item name="ADDRA11" rev="205">
<attrib name="value" value="31"/></item>
<item name="ADDRA12" rev="205">
<attrib name="value" value="31"/></item>
<item name="ADDRA13" rev="205">
<attrib name="value" value="31"/></item>
<item name="ADDRA2" rev="205">
<attrib name="value" value="31"/></item>
<item name="ADDRA3" rev="205">
<attrib name="value" value="31"/></item>
<item name="ADDRA4" rev="205">
<attrib name="value" value="31"/></item>
<item name="ADDRA5" rev="205">
<attrib name="value" value="31"/></item>
<item name="ADDRA6" rev="205">
<attrib name="value" value="31"/></item>
<item name="ADDRA7" rev="205">
<attrib name="value" value="31"/></item>
<item name="ADDRA8" rev="205">
<attrib name="value" value="31"/></item>
<item name="ADDRA9" rev="205">
<attrib name="value" value="31"/></item>
<item name="ADDRB0" rev="205">
<attrib name="value" value="31"/></item>
<item name="ADDRB1" rev="205">
<attrib name="value" value="31"/></item>
<item name="ADDRB10" rev="205">
<attrib name="value" value="31"/></item>
<item name="ADDRB11" rev="205">
<attrib name="value" value="31"/></item>
<item name="ADDRB12" rev="205">
<attrib name="value" value="31"/></item>
<item name="ADDRB13" rev="205">
<attrib name="value" value="31"/></item>
<item name="ADDRB2" rev="205">
<attrib name="value" value="31"/></item>
<item name="ADDRB3" rev="205">
<attrib name="value" value="31"/></item>
<item name="ADDRB4" rev="205">
<attrib name="value" value="31"/></item>
<item name="ADDRB5" rev="205">
<attrib name="value" value="31"/></item>
<item name="ADDRB6" rev="205">
<attrib name="value" value="31"/></item>
<item name="ADDRB7" rev="205">
<attrib name="value" value="31"/></item>
<item name="ADDRB8" rev="205">
<attrib name="value" value="31"/></item>
<item name="ADDRB9" rev="205">
<attrib name="value" value="31"/></item>
<item name="CLKA" rev="205">
<attrib name="value" value="31"/></item>
<item name="CLKB" rev="205">
<attrib name="value" value="31"/></item>
<item name="DIA0" rev="205">
<attrib name="value" value="31"/></item>
<item name="DIA1" rev="205">
<attrib name="value" value="31"/></item>
<item name="DIA10" rev="205">
<attrib name="value" value="31"/></item>
<item name="DIA11" rev="205">
<attrib name="value" value="31"/></item>
<item name="DIA12" rev="205">
<attrib name="value" value="31"/></item>
<item name="DIA13" rev="205">
<attrib name="value" value="31"/></item>
<item name="DIA14" rev="205">
<attrib name="value" value="31"/></item>
<item name="DIA15" rev="205">
<attrib name="value" value="31"/></item>
<item name="DIA16" rev="205">
<attrib name="value" value="31"/></item>
<item name="DIA17" rev="205">
<attrib name="value" value="31"/></item>
<item name="DIA18" rev="205">
<attrib name="value" value="31"/></item>
<item name="DIA19" rev="205">
<attrib name="value" value="31"/></item>
<item name="DIA2" rev="205">
<attrib name="value" value="31"/></item>
<item name="DIA20" rev="205">
<attrib name="value" value="31"/></item>
<item name="DIA21" rev="205">
<attrib name="value" value="31"/></item>
<item name="DIA22" rev="205">
<attrib name="value" value="31"/></item>
<item name="DIA23" rev="205">
<attrib name="value" value="31"/></item>
<item name="DIA24" rev="205">
<attrib name="value" value="31"/></item>
<item name="DIA25" rev="205">
<attrib name="value" value="31"/></item>
<item name="DIA26" rev="205">
<attrib name="value" value="31"/></item>
<item name="DIA27" rev="205">
<attrib name="value" value="31"/></item>
<item name="DIA28" rev="205">
<attrib name="value" value="31"/></item>
<item name="DIA29" rev="205">
<attrib name="value" value="31"/></item>
<item name="DIA3" rev="205">
<attrib name="value" value="31"/></item>
<item name="DIA30" rev="205">
<attrib name="value" value="31"/></item>
<item name="DIA31" rev="205">
<attrib name="value" value="31"/></item>
<item name="DIA4" rev="205">
<attrib name="value" value="31"/></item>
<item name="DIA5" rev="205">
<attrib name="value" value="31"/></item>
<item name="DIA6" rev="205">
<attrib name="value" value="31"/></item>
<item name="DIA7" rev="205">
<attrib name="value" value="31"/></item>
<item name="DIA8" rev="205">
<attrib name="value" value="31"/></item>
<item name="DIA9" rev="205">
<attrib name="value" value="31"/></item>
<item name="DIB0" rev="205">
<attrib name="value" value="31"/></item>
<item name="DIB1" rev="205">
<attrib name="value" value="31"/></item>
<item name="DIB10" rev="205">
<attrib name="value" value="31"/></item>
<item name="DIB11" rev="205">
<attrib name="value" value="31"/></item>
<item name="DIB12" rev="205">
<attrib name="value" value="31"/></item>
<item name="DIB13" rev="205">
<attrib name="value" value="31"/></item>
<item name="DIB14" rev="205">
<attrib name="value" value="31"/></item>
<item name="DIB15" rev="205">
<attrib name="value" value="31"/></item>
<item name="DIB16" rev="205">
<attrib name="value" value="31"/></item>
<item name="DIB17" rev="205">
<attrib name="value" value="31"/></item>
<item name="DIB18" rev="205">
<attrib name="value" value="31"/></item>
<item name="DIB19" rev="205">
<attrib name="value" value="31"/></item>
<item name="DIB2" rev="205">
<attrib name="value" value="31"/></item>
<item name="DIB20" rev="205">
<attrib name="value" value="31"/></item>
<item name="DIB21" rev="205">
<attrib name="value" value="31"/></item>
<item name="DIB22" rev="205">
<attrib name="value" value="31"/></item>
<item name="DIB23" rev="205">
<attrib name="value" value="31"/></item>
<item name="DIB24" rev="205">
<attrib name="value" value="31"/></item>
<item name="DIB25" rev="205">
<attrib name="value" value="31"/></item>
<item name="DIB26" rev="205">
<attrib name="value" value="31"/></item>
<item name="DIB27" rev="205">
<attrib name="value" value="31"/></item>
<item name="DIB28" rev="205">
<attrib name="value" value="31"/></item>
<item name="DIB29" rev="205">
<attrib name="value" value="31"/></item>
<item name="DIB3" rev="205">
<attrib name="value" value="31"/></item>
<item name="DIB30" rev="205">
<attrib name="value" value="31"/></item>
<item name="DIB31" rev="205">
<attrib name="value" value="31"/></item>
<item name="DIB4" rev="205">
<attrib name="value" value="31"/></item>
<item name="DIB5" rev="205">
<attrib name="value" value="31"/></item>
<item name="DIB6" rev="205">
<attrib name="value" value="31"/></item>
<item name="DIB7" rev="205">
<attrib name="value" value="31"/></item>
<item name="DIB8" rev="205">
<attrib name="value" value="31"/></item>
<item name="DIB9" rev="205">
<attrib name="value" value="31"/></item>
<item name="DIPA0" rev="205">
<attrib name="value" value="31"/></item>
<item name="DIPA1" rev="205">
<attrib name="value" value="31"/></item>
<item name="DIPA2" rev="205">
<attrib name="value" value="31"/></item>
<item name="DIPA3" rev="205">
<attrib name="value" value="31"/></item>
<item name="DIPB0" rev="205">
<attrib name="value" value="31"/></item>
<item name="DIPB1" rev="205">
<attrib name="value" value="31"/></item>
<item name="DIPB2" rev="205">
<attrib name="value" value="31"/></item>
<item name="DIPB3" rev="205">
<attrib name="value" value="31"/></item>
<item name="DOB0" rev="205">
<attrib name="value" value="31"/></item>
<item name="DOB1" rev="205">
<attrib name="value" value="31"/></item>
<item name="DOB10" rev="205">
<attrib name="value" value="1"/></item>
<item name="DOB11" rev="205">
<attrib name="value" value="1"/></item>
<item name="DOB12" rev="205">
<attrib name="value" value="1"/></item>
<item name="DOB13" rev="205">
<attrib name="value" value="1"/></item>
<item name="DOB16" rev="205">
<attrib name="value" value="1"/></item>
<item name="DOB17" rev="205">
<attrib name="value" value="1"/></item>
<item name="DOB18" rev="205">
<attrib name="value" value="1"/></item>
<item name="DOB19" rev="205">
<attrib name="value" value="1"/></item>
<item name="DOB2" rev="205">
<attrib name="value" value="31"/></item>
<item name="DOB20" rev="205">
<attrib name="value" value="1"/></item>
<item name="DOB21" rev="205">
<attrib name="value" value="1"/></item>
<item name="DOB24" rev="205">
<attrib name="value" value="1"/></item>
<item name="DOB25" rev="205">
<attrib name="value" value="1"/></item>
<item name="DOB26" rev="205">
<attrib name="value" value="1"/></item>
<item name="DOB27" rev="205">
<attrib name="value" value="1"/></item>
<item name="DOB28" rev="205">
<attrib name="value" value="1"/></item>
<item name="DOB29" rev="205">
<attrib name="value" value="1"/></item>
<item name="DOB3" rev="205">
<attrib name="value" value="31"/></item>
<item name="DOB4" rev="205">
<attrib name="value" value="31"/></item>
<item name="DOB5" rev="205">
<attrib name="value" value="31"/></item>
<item name="DOB6" rev="205">
<attrib name="value" value="30"/></item>
<item name="DOB7" rev="205">
<attrib name="value" value="30"/></item>
<item name="DOB8" rev="205">
<attrib name="value" value="1"/></item>
<item name="DOB9" rev="205">
<attrib name="value" value="1"/></item>
<item name="DOPB0" rev="205">
<attrib name="value" value="30"/></item>
<item name="ENA" rev="205">
<attrib name="value" value="31"/></item>
<item name="ENB" rev="205">
<attrib name="value" value="31"/></item>
<item name="REGCEA" rev="205">
<attrib name="value" value="31"/></item>
<item name="REGCEB" rev="205">
<attrib name="value" value="31"/></item>
<item name="RSTA" rev="205">
<attrib name="value" value="31"/></item>
<item name="RSTB" rev="205">
<attrib name="value" value="31"/></item>
<item name="WEA0" rev="205">
<attrib name="value" value="31"/></item>
<item name="WEA1" rev="205">
<attrib name="value" value="31"/></item>
<item name="WEA2" rev="205">
<attrib name="value" value="31"/></item>
<item name="WEA3" rev="205">
<attrib name="value" value="31"/></item>
<item name="WEB0" rev="205">
<attrib name="value" value="31"/></item>
<item name="WEB1" rev="205">
<attrib name="value" value="31"/></item>
<item name="WEB2" rev="205">
<attrib name="value" value="31"/></item>
<item name="WEB3" rev="205">
<attrib name="value" value="31"/></item>
</group>
<group name="RAMB8BWER">
<item name="ADDRAWRADDR0" rev="205">
<attrib name="value" value="1"/></item>
<item name="ADDRAWRADDR1" rev="205">
<attrib name="value" value="1"/></item>
<item name="ADDRAWRADDR10" rev="205">
<attrib name="value" value="1"/></item>
<item name="ADDRAWRADDR11" rev="205">
<attrib name="value" value="1"/></item>
<item name="ADDRAWRADDR12" rev="205">
<attrib name="value" value="1"/></item>
<item name="ADDRAWRADDR2" rev="205">
<attrib name="value" value="1"/></item>
<item name="ADDRAWRADDR3" rev="205">
<attrib name="value" value="1"/></item>
<item name="ADDRAWRADDR4" rev="205">
<attrib name="value" value="1"/></item>
<item name="ADDRAWRADDR5" rev="205">
<attrib name="value" value="1"/></item>
<item name="ADDRAWRADDR6" rev="205">
<attrib name="value" value="1"/></item>
<item name="ADDRAWRADDR7" rev="205">
<attrib name="value" value="1"/></item>
<item name="ADDRAWRADDR8" rev="205">
<attrib name="value" value="1"/></item>
<item name="ADDRAWRADDR9" rev="205">
<attrib name="value" value="1"/></item>
<item name="ADDRBRDADDR0" rev="205">
<attrib name="value" value="1"/></item>
<item name="ADDRBRDADDR1" rev="205">
<attrib name="value" value="1"/></item>
<item name="ADDRBRDADDR10" rev="205">
<attrib name="value" value="1"/></item>
<item name="ADDRBRDADDR11" rev="205">
<attrib name="value" value="1"/></item>
<item name="ADDRBRDADDR12" rev="205">
<attrib name="value" value="1"/></item>
<item name="ADDRBRDADDR2" rev="205">
<attrib name="value" value="1"/></item>
<item name="ADDRBRDADDR3" rev="205">
<attrib name="value" value="1"/></item>
<item name="ADDRBRDADDR4" rev="205">
<attrib name="value" value="1"/></item>
<item name="ADDRBRDADDR5" rev="205">
<attrib name="value" value="1"/></item>
<item name="ADDRBRDADDR6" rev="205">
<attrib name="value" value="1"/></item>
<item name="ADDRBRDADDR7" rev="205">
<attrib name="value" value="1"/></item>
<item name="ADDRBRDADDR8" rev="205">
<attrib name="value" value="1"/></item>
<item name="ADDRBRDADDR9" rev="205">
<attrib name="value" value="1"/></item>
<item name="CLKAWRCLK" rev="205">
<attrib name="value" value="1"/></item>
<item name="CLKBRDCLK" rev="205">
<attrib name="value" value="1"/></item>
<item name="DIADI0" rev="205">
<attrib name="value" value="1"/></item>
<item name="DIADI1" rev="205">
<attrib name="value" value="1"/></item>
<item name="DIADI10" rev="205">
<attrib name="value" value="1"/></item>
<item name="DIADI11" rev="205">
<attrib name="value" value="1"/></item>
<item name="DIADI12" rev="205">
<attrib name="value" value="1"/></item>
<item name="DIADI13" rev="205">
<attrib name="value" value="1"/></item>
<item name="DIADI14" rev="205">
<attrib name="value" value="1"/></item>
<item name="DIADI15" rev="205">
<attrib name="value" value="1"/></item>
<item name="DIADI2" rev="205">
<attrib name="value" value="1"/></item>
<item name="DIADI3" rev="205">
<attrib name="value" value="1"/></item>
<item name="DIADI4" rev="205">
<attrib name="value" value="1"/></item>
<item name="DIADI5" rev="205">
<attrib name="value" value="1"/></item>
<item name="DIADI6" rev="205">
<attrib name="value" value="1"/></item>
<item name="DIADI7" rev="205">
<attrib name="value" value="1"/></item>
<item name="DIADI8" rev="205">
<attrib name="value" value="1"/></item>
<item name="DIADI9" rev="205">
<attrib name="value" value="1"/></item>
<item name="DIBDI0" rev="205">
<attrib name="value" value="1"/></item>
<item name="DIBDI1" rev="205">
<attrib name="value" value="1"/></item>
<item name="DIBDI10" rev="205">
<attrib name="value" value="1"/></item>
<item name="DIBDI11" rev="205">
<attrib name="value" value="1"/></item>
<item name="DIBDI12" rev="205">
<attrib name="value" value="1"/></item>
<item name="DIBDI13" rev="205">
<attrib name="value" value="1"/></item>
<item name="DIBDI14" rev="205">
<attrib name="value" value="1"/></item>
<item name="DIBDI15" rev="205">
<attrib name="value" value="1"/></item>
<item name="DIBDI2" rev="205">
<attrib name="value" value="1"/></item>
<item name="DIBDI3" rev="205">
<attrib name="value" value="1"/></item>
<item name="DIBDI4" rev="205">
<attrib name="value" value="1"/></item>
<item name="DIBDI5" rev="205">
<attrib name="value" value="1"/></item>
<item name="DIBDI6" rev="205">
<attrib name="value" value="1"/></item>
<item name="DIBDI7" rev="205">
<attrib name="value" value="1"/></item>
<item name="DIBDI8" rev="205">
<attrib name="value" value="1"/></item>
<item name="DIBDI9" rev="205">
<attrib name="value" value="1"/></item>
<item name="DIPADIP0" rev="205">
<attrib name="value" value="1"/></item>
<item name="DIPADIP1" rev="205">
<attrib name="value" value="1"/></item>
<item name="DIPBDIP0" rev="205">
<attrib name="value" value="1"/></item>
<item name="DIPBDIP1" rev="205">
<attrib name="value" value="1"/></item>
<item name="DOADO0" rev="205">
<attrib name="value" value="1"/></item>
<item name="DOADO1" rev="205">
<attrib name="value" value="1"/></item>
<item name="DOADO8" rev="205">
<attrib name="value" value="1"/></item>
<item name="DOADO9" rev="205">
<attrib name="value" value="1"/></item>
<item name="DOBDO0" rev="205">
<attrib name="value" value="1"/></item>
<item name="DOBDO1" rev="205">
<attrib name="value" value="1"/></item>
<item name="DOBDO8" rev="205">
<attrib name="value" value="1"/></item>
<item name="DOBDO9" rev="205">
<attrib name="value" value="1"/></item>
<item name="ENAWREN" rev="205">
<attrib name="value" value="1"/></item>
<item name="ENBRDEN" rev="205">
<attrib name="value" value="1"/></item>
<item name="REGCEA" rev="205">
<attrib name="value" value="1"/></item>
<item name="REGCEBREGCE" rev="205">
<attrib name="value" value="1"/></item>
<item name="RSTA" rev="205">
<attrib name="value" value="1"/></item>
<item name="RSTBRST" rev="205">
<attrib name="value" value="1"/></item>
<item name="WEAWEL0" rev="205">
<attrib name="value" value="1"/></item>
<item name="WEAWEL1" rev="205">
<attrib name="value" value="1"/></item>
<item name="WEBWEU0" rev="205">
<attrib name="value" value="1"/></item>
<item name="WEBWEU1" rev="205">
<attrib name="value" value="1"/></item>
</group>
<group name="CARRY4">
<item name="CIN" rev="205">
<attrib name="value" value="22"/></item>
<item name="CO0" rev="205">
<attrib name="value" value="9"/></item>
<item name="CO2" rev="205">
<attrib name="value" value="1"/></item>
<item name="CO3" rev="205">
<attrib name="value" value="22"/></item>
<item name="CYINIT" rev="205">
<attrib name="value" value="15"/></item>
<item name="DI0" rev="205">
<attrib name="value" value="34"/></item>
<item name="DI1" rev="205">
<attrib name="value" value="23"/></item>
<item name="DI2" rev="205">
<attrib name="value" value="23"/></item>
<item name="DI3" rev="205">
<attrib name="value" value="22"/></item>
<item name="O0" rev="205">
<attrib name="value" value="19"/></item>
<item name="O1" rev="205">
<attrib name="value" value="16"/></item>
<item name="O2" rev="205">
<attrib name="value" value="13"/></item>
<item name="O3" rev="205">
<attrib name="value" value="13"/></item>
<item name="S0" rev="205">
<attrib name="value" value="37"/></item>
<item name="S1" rev="205">
<attrib name="value" value="26"/></item>
<item name="S2" rev="205">
<attrib name="value" value="23"/></item>
<item name="S3" rev="205">
<attrib name="value" value="22"/></item>
</group>
<group name="LUT5">
<item name="A1" rev="205">
<attrib name="value" value="151"/></item>
<item name="A2" rev="205">
<attrib name="value" value="213"/></item>
<item name="A3" rev="205">
<attrib name="value" value="241"/></item>
<item name="A4" rev="205">
<attrib name="value" value="232"/></item>
<item name="A5" rev="205">
<attrib name="value" value="218"/></item>
<item name="O5" rev="205">
<attrib name="value" value="333"/></item>
</group>
<group name="LUT6">
<item name="A1" rev="205">
<attrib name="value" value="1428"/></item>
<item name="A2" rev="205">
<attrib name="value" value="1809"/></item>
<item name="A3" rev="205">
<attrib name="value" value="1919"/></item>
<item name="A4" rev="205">
<attrib name="value" value="2035"/></item>
<item name="A5" rev="205">
<attrib name="value" value="2043"/></item>
<item name="A6" rev="205">
<attrib name="value" value="2071"/></item>
<item name="O6" rev="205">
<attrib name="value" value="2086"/></item>
</group>
<group name="RAMB16BWER_RAMB16BWER">
<item name="ADDRA0" rev="205">
<attrib name="value" value="31"/></item>
<item name="ADDRA1" rev="205">
<attrib name="value" value="31"/></item>
<item name="ADDRA10" rev="205">
<attrib name="value" value="31"/></item>
<item name="ADDRA11" rev="205">
<attrib name="value" value="31"/></item>
<item name="ADDRA12" rev="205">
<attrib name="value" value="31"/></item>
<item name="ADDRA13" rev="205">
<attrib name="value" value="31"/></item>
<item name="ADDRA2" rev="205">
<attrib name="value" value="31"/></item>
<item name="ADDRA3" rev="205">
<attrib name="value" value="31"/></item>
<item name="ADDRA4" rev="205">
<attrib name="value" value="31"/></item>
<item name="ADDRA5" rev="205">
<attrib name="value" value="31"/></item>
<item name="ADDRA6" rev="205">
<attrib name="value" value="31"/></item>
<item name="ADDRA7" rev="205">
<attrib name="value" value="31"/></item>
<item name="ADDRA8" rev="205">
<attrib name="value" value="31"/></item>
<item name="ADDRA9" rev="205">
<attrib name="value" value="31"/></item>
<item name="ADDRB0" rev="205">
<attrib name="value" value="31"/></item>
<item name="ADDRB1" rev="205">
<attrib name="value" value="31"/></item>
<item name="ADDRB10" rev="205">
<attrib name="value" value="31"/></item>
<item name="ADDRB11" rev="205">
<attrib name="value" value="31"/></item>
<item name="ADDRB12" rev="205">
<attrib name="value" value="31"/></item>
<item name="ADDRB13" rev="205">
<attrib name="value" value="31"/></item>
<item name="ADDRB2" rev="205">
<attrib name="value" value="31"/></item>
<item name="ADDRB3" rev="205">
<attrib name="value" value="31"/></item>
<item name="ADDRB4" rev="205">
<attrib name="value" value="31"/></item>
<item name="ADDRB5" rev="205">
<attrib name="value" value="31"/></item>
<item name="ADDRB6" rev="205">
<attrib name="value" value="31"/></item>
<item name="ADDRB7" rev="205">
<attrib name="value" value="31"/></item>
<item name="ADDRB8" rev="205">
<attrib name="value" value="31"/></item>
<item name="ADDRB9" rev="205">
<attrib name="value" value="31"/></item>
<item name="CLKA" rev="205">
<attrib name="value" value="31"/></item>
<item name="CLKB" rev="205">
<attrib name="value" value="31"/></item>
<item name="DIA0" rev="205">
<attrib name="value" value="31"/></item>
<item name="DIA1" rev="205">
<attrib name="value" value="31"/></item>
<item name="DIA10" rev="205">
<attrib name="value" value="31"/></item>
<item name="DIA11" rev="205">
<attrib name="value" value="31"/></item>
<item name="DIA12" rev="205">
<attrib name="value" value="31"/></item>
<item name="DIA13" rev="205">
<attrib name="value" value="31"/></item>
<item name="DIA14" rev="205">
<attrib name="value" value="31"/></item>
<item name="DIA15" rev="205">
<attrib name="value" value="31"/></item>
<item name="DIA16" rev="205">
<attrib name="value" value="31"/></item>
<item name="DIA17" rev="205">
<attrib name="value" value="31"/></item>
<item name="DIA18" rev="205">
<attrib name="value" value="31"/></item>
<item name="DIA19" rev="205">
<attrib name="value" value="31"/></item>
<item name="DIA2" rev="205">
<attrib name="value" value="31"/></item>
<item name="DIA20" rev="205">
<attrib name="value" value="31"/></item>
<item name="DIA21" rev="205">
<attrib name="value" value="31"/></item>
<item name="DIA22" rev="205">
<attrib name="value" value="31"/></item>
<item name="DIA23" rev="205">
<attrib name="value" value="31"/></item>
<item name="DIA24" rev="205">
<attrib name="value" value="31"/></item>
<item name="DIA25" rev="205">
<attrib name="value" value="31"/></item>
<item name="DIA26" rev="205">
<attrib name="value" value="31"/></item>
<item name="DIA27" rev="205">
<attrib name="value" value="31"/></item>
<item name="DIA28" rev="205">
<attrib name="value" value="31"/></item>
<item name="DIA29" rev="205">
<attrib name="value" value="31"/></item>
<item name="DIA3" rev="205">
<attrib name="value" value="31"/></item>
<item name="DIA30" rev="205">
<attrib name="value" value="31"/></item>
<item name="DIA31" rev="205">
<attrib name="value" value="31"/></item>
<item name="DIA4" rev="205">
<attrib name="value" value="31"/></item>
<item name="DIA5" rev="205">
<attrib name="value" value="31"/></item>
<item name="DIA6" rev="205">
<attrib name="value" value="31"/></item>
<item name="DIA7" rev="205">
<attrib name="value" value="31"/></item>
<item name="DIA8" rev="205">
<attrib name="value" value="31"/></item>
<item name="DIA9" rev="205">
<attrib name="value" value="31"/></item>
<item name="DIB0" rev="205">
<attrib name="value" value="31"/></item>
<item name="DIB1" rev="205">
<attrib name="value" value="31"/></item>
<item name="DIB10" rev="205">
<attrib name="value" value="31"/></item>
<item name="DIB11" rev="205">
<attrib name="value" value="31"/></item>
<item name="DIB12" rev="205">
<attrib name="value" value="31"/></item>
<item name="DIB13" rev="205">
<attrib name="value" value="31"/></item>
<item name="DIB14" rev="205">
<attrib name="value" value="31"/></item>
<item name="DIB15" rev="205">
<attrib name="value" value="31"/></item>
<item name="DIB16" rev="205">
<attrib name="value" value="31"/></item>
<item name="DIB17" rev="205">
<attrib name="value" value="31"/></item>
<item name="DIB18" rev="205">
<attrib name="value" value="31"/></item>
<item name="DIB19" rev="205">
<attrib name="value" value="31"/></item>
<item name="DIB2" rev="205">
<attrib name="value" value="31"/></item>
<item name="DIB20" rev="205">
<attrib name="value" value="31"/></item>
<item name="DIB21" rev="205">
<attrib name="value" value="31"/></item>
<item name="DIB22" rev="205">
<attrib name="value" value="31"/></item>
<item name="DIB23" rev="205">
<attrib name="value" value="31"/></item>
<item name="DIB24" rev="205">
<attrib name="value" value="31"/></item>
<item name="DIB25" rev="205">
<attrib name="value" value="31"/></item>
<item name="DIB26" rev="205">
<attrib name="value" value="31"/></item>
<item name="DIB27" rev="205">
<attrib name="value" value="31"/></item>
<item name="DIB28" rev="205">
<attrib name="value" value="31"/></item>
<item name="DIB29" rev="205">
<attrib name="value" value="31"/></item>
<item name="DIB3" rev="205">
<attrib name="value" value="31"/></item>
<item name="DIB30" rev="205">
<attrib name="value" value="31"/></item>
<item name="DIB31" rev="205">
<attrib name="value" value="31"/></item>
<item name="DIB4" rev="205">
<attrib name="value" value="31"/></item>
<item name="DIB5" rev="205">
<attrib name="value" value="31"/></item>
<item name="DIB6" rev="205">
<attrib name="value" value="31"/></item>
<item name="DIB7" rev="205">
<attrib name="value" value="31"/></item>
<item name="DIB8" rev="205">
<attrib name="value" value="31"/></item>
<item name="DIB9" rev="205">
<attrib name="value" value="31"/></item>
<item name="DIPA0" rev="205">
<attrib name="value" value="31"/></item>
<item name="DIPA1" rev="205">
<attrib name="value" value="31"/></item>
<item name="DIPA2" rev="205">
<attrib name="value" value="31"/></item>
<item name="DIPA3" rev="205">
<attrib name="value" value="31"/></item>
<item name="DIPB0" rev="205">
<attrib name="value" value="31"/></item>
<item name="DIPB1" rev="205">
<attrib name="value" value="31"/></item>
<item name="DIPB2" rev="205">
<attrib name="value" value="31"/></item>
<item name="DIPB3" rev="205">
<attrib name="value" value="31"/></item>
<item name="DOB0" rev="205">
<attrib name="value" value="31"/></item>
<item name="DOB1" rev="205">
<attrib name="value" value="31"/></item>
<item name="DOB10" rev="205">
<attrib name="value" value="1"/></item>
<item name="DOB11" rev="205">
<attrib name="value" value="1"/></item>
<item name="DOB12" rev="205">
<attrib name="value" value="1"/></item>
<item name="DOB13" rev="205">
<attrib name="value" value="1"/></item>
<item name="DOB16" rev="205">
<attrib name="value" value="1"/></item>
<item name="DOB17" rev="205">
<attrib name="value" value="1"/></item>
<item name="DOB18" rev="205">
<attrib name="value" value="1"/></item>
<item name="DOB19" rev="205">
<attrib name="value" value="1"/></item>
<item name="DOB2" rev="205">
<attrib name="value" value="31"/></item>
<item name="DOB20" rev="205">
<attrib name="value" value="1"/></item>
<item name="DOB21" rev="205">
<attrib name="value" value="1"/></item>
<item name="DOB24" rev="205">
<attrib name="value" value="1"/></item>
<item name="DOB25" rev="205">
<attrib name="value" value="1"/></item>
<item name="DOB26" rev="205">
<attrib name="value" value="1"/></item>
<item name="DOB27" rev="205">
<attrib name="value" value="1"/></item>
<item name="DOB28" rev="205">
<attrib name="value" value="1"/></item>
<item name="DOB29" rev="205">
<attrib name="value" value="1"/></item>
<item name="DOB3" rev="205">
<attrib name="value" value="31"/></item>
<item name="DOB4" rev="205">
<attrib name="value" value="31"/></item>
<item name="DOB5" rev="205">
<attrib name="value" value="31"/></item>
<item name="DOB6" rev="205">
<attrib name="value" value="30"/></item>
<item name="DOB7" rev="205">
<attrib name="value" value="30"/></item>
<item name="DOB8" rev="205">
<attrib name="value" value="1"/></item>
<item name="DOB9" rev="205">
<attrib name="value" value="1"/></item>
<item name="DOPB0" rev="205">
<attrib name="value" value="30"/></item>
<item name="ENA" rev="205">
<attrib name="value" value="31"/></item>
<item name="ENB" rev="205">
<attrib name="value" value="31"/></item>
<item name="REGCEA" rev="205">
<attrib name="value" value="31"/></item>
<item name="REGCEB" rev="205">
<attrib name="value" value="31"/></item>
<item name="RSTA" rev="205">
<attrib name="value" value="31"/></item>
<item name="RSTB" rev="205">
<attrib name="value" value="31"/></item>
<item name="WEA0" rev="205">
<attrib name="value" value="31"/></item>
<item name="WEA1" rev="205">
<attrib name="value" value="31"/></item>
<item name="WEA2" rev="205">
<attrib name="value" value="31"/></item>
<item name="WEA3" rev="205">
<attrib name="value" value="31"/></item>
<item name="WEB0" rev="205">
<attrib name="value" value="31"/></item>
<item name="WEB1" rev="205">
<attrib name="value" value="31"/></item>
<item name="WEB2" rev="205">
<attrib name="value" value="31"/></item>
<item name="WEB3" rev="205">
<attrib name="value" value="31"/></item>
</group>
<group name="SELMUX2_1">
<item name="0" rev="205">
<attrib name="value" value="131"/></item>
<item name="1" rev="205">
<attrib name="value" value="131"/></item>
<item name="OUT" rev="205">
<attrib name="value" value="131"/></item>
<item name="S0" rev="205">
<attrib name="value" value="131"/></item>
</group>
<group name="INVERTER">
<item name="IN" rev="205">
<attrib name="value" value="1"/></item>
<item name="OUT" rev="205">
<attrib name="value" value="1"/></item>
</group>
<group name="IOB_IMUX">
<item name="I" rev="205">
<attrib name="value" value="41"/></item>
<item name="I_B" rev="205">
<attrib name="value" value="1"/></item>
<item name="OUT" rev="205">
<attrib name="value" value="42"/></item>
</group>
<group name="IOB">
<item name="I" rev="205">
<attrib name="value" value="42"/></item>
<item name="O" rev="205">
<attrib name="value" value="68"/></item>
<item name="PAD" rev="205">
<attrib name="value" value="86"/></item>
<item name="T" rev="205">
<attrib name="value" value="24"/></item>
</group>
<group name="HARD0">
<item name="0" rev="205">
<attrib name="value" value="4"/></item>
</group>
<group name="HARD1">
<item name="1" rev="205">
<attrib name="value" value="8"/></item>
</group>
<group name="FF_SR">
<item name="CE" rev="205">
<attrib name="value" value="22"/></item>
<item name="CK" rev="205">
<attrib name="value" value="36"/></item>
<item name="D" rev="205">
<attrib name="value" value="36"/></item>
<item name="Q" rev="205">
<attrib name="value" value="36"/></item>
<item name="SR" rev="205">
<attrib name="value" value="27"/></item>
</group>
<group name="BUFG">
<item name="I0" rev="205">
<attrib name="value" value="4"/></item>
<item name="O" rev="205">
<attrib name="value" value="4"/></item>
</group>
<group name="RAMB8BWER_RAMB8BWER">
<item name="ADDRAWRADDR0" rev="205">
<attrib name="value" value="1"/></item>
<item name="ADDRAWRADDR1" rev="205">
<attrib name="value" value="1"/></item>
<item name="ADDRAWRADDR10" rev="205">
<attrib name="value" value="1"/></item>
<item name="ADDRAWRADDR11" rev="205">
<attrib name="value" value="1"/></item>
<item name="ADDRAWRADDR12" rev="205">
<attrib name="value" value="1"/></item>
<item name="ADDRAWRADDR2" rev="205">
<attrib name="value" value="1"/></item>
<item name="ADDRAWRADDR3" rev="205">
<attrib name="value" value="1"/></item>
<item name="ADDRAWRADDR4" rev="205">
<attrib name="value" value="1"/></item>
<item name="ADDRAWRADDR5" rev="205">
<attrib name="value" value="1"/></item>
<item name="ADDRAWRADDR6" rev="205">
<attrib name="value" value="1"/></item>
<item name="ADDRAWRADDR7" rev="205">
<attrib name="value" value="1"/></item>
<item name="ADDRAWRADDR8" rev="205">
<attrib name="value" value="1"/></item>
<item name="ADDRAWRADDR9" rev="205">
<attrib name="value" value="1"/></item>
<item name="ADDRBRDADDR0" rev="205">
<attrib name="value" value="1"/></item>
<item name="ADDRBRDADDR1" rev="205">
<attrib name="value" value="1"/></item>
<item name="ADDRBRDADDR10" rev="205">
<attrib name="value" value="1"/></item>
<item name="ADDRBRDADDR11" rev="205">
<attrib name="value" value="1"/></item>
<item name="ADDRBRDADDR12" rev="205">
<attrib name="value" value="1"/></item>
<item name="ADDRBRDADDR2" rev="205">
<attrib name="value" value="1"/></item>
<item name="ADDRBRDADDR3" rev="205">
<attrib name="value" value="1"/></item>
<item name="ADDRBRDADDR4" rev="205">
<attrib name="value" value="1"/></item>
<item name="ADDRBRDADDR5" rev="205">
<attrib name="value" value="1"/></item>
<item name="ADDRBRDADDR6" rev="205">
<attrib name="value" value="1"/></item>
<item name="ADDRBRDADDR7" rev="205">
<attrib name="value" value="1"/></item>
<item name="ADDRBRDADDR8" rev="205">
<attrib name="value" value="1"/></item>
<item name="ADDRBRDADDR9" rev="205">
<attrib name="value" value="1"/></item>
<item name="CLKAWRCLK" rev="205">
<attrib name="value" value="1"/></item>
<item name="CLKBRDCLK" rev="205">
<attrib name="value" value="1"/></item>
<item name="DIADI0" rev="205">
<attrib name="value" value="1"/></item>
<item name="DIADI1" rev="205">
<attrib name="value" value="1"/></item>
<item name="DIADI10" rev="205">
<attrib name="value" value="1"/></item>
<item name="DIADI11" rev="205">
<attrib name="value" value="1"/></item>
<item name="DIADI12" rev="205">
<attrib name="value" value="1"/></item>
<item name="DIADI13" rev="205">
<attrib name="value" value="1"/></item>
<item name="DIADI14" rev="205">
<attrib name="value" value="1"/></item>
<item name="DIADI15" rev="205">
<attrib name="value" value="1"/></item>
<item name="DIADI2" rev="205">
<attrib name="value" value="1"/></item>
<item name="DIADI3" rev="205">
<attrib name="value" value="1"/></item>
<item name="DIADI4" rev="205">
<attrib name="value" value="1"/></item>
<item name="DIADI5" rev="205">
<attrib name="value" value="1"/></item>
<item name="DIADI6" rev="205">
<attrib name="value" value="1"/></item>
<item name="DIADI7" rev="205">
<attrib name="value" value="1"/></item>
<item name="DIADI8" rev="205">
<attrib name="value" value="1"/></item>
<item name="DIADI9" rev="205">
<attrib name="value" value="1"/></item>
<item name="DIBDI0" rev="205">
<attrib name="value" value="1"/></item>
<item name="DIBDI1" rev="205">
<attrib name="value" value="1"/></item>
<item name="DIBDI10" rev="205">
<attrib name="value" value="1"/></item>
<item name="DIBDI11" rev="205">
<attrib name="value" value="1"/></item>
<item name="DIBDI12" rev="205">
<attrib name="value" value="1"/></item>
<item name="DIBDI13" rev="205">
<attrib name="value" value="1"/></item>
<item name="DIBDI14" rev="205">
<attrib name="value" value="1"/></item>
<item name="DIBDI15" rev="205">
<attrib name="value" value="1"/></item>
<item name="DIBDI2" rev="205">
<attrib name="value" value="1"/></item>
<item name="DIBDI3" rev="205">
<attrib name="value" value="1"/></item>
<item name="DIBDI4" rev="205">
<attrib name="value" value="1"/></item>
<item name="DIBDI5" rev="205">
<attrib name="value" value="1"/></item>
<item name="DIBDI6" rev="205">
<attrib name="value" value="1"/></item>
<item name="DIBDI7" rev="205">
<attrib name="value" value="1"/></item>
<item name="DIBDI8" rev="205">
<attrib name="value" value="1"/></item>
<item name="DIBDI9" rev="205">
<attrib name="value" value="1"/></item>
<item name="DIPADIP0" rev="205">
<attrib name="value" value="1"/></item>
<item name="DIPADIP1" rev="205">
<attrib name="value" value="1"/></item>
<item name="DIPBDIP0" rev="205">
<attrib name="value" value="1"/></item>
<item name="DIPBDIP1" rev="205">
<attrib name="value" value="1"/></item>
<item name="DOADO0" rev="205">
<attrib name="value" value="1"/></item>
<item name="DOADO1" rev="205">
<attrib name="value" value="1"/></item>
<item name="DOADO8" rev="205">
<attrib name="value" value="1"/></item>
<item name="DOADO9" rev="205">
<attrib name="value" value="1"/></item>
<item name="DOBDO0" rev="205">
<attrib name="value" value="1"/></item>
<item name="DOBDO1" rev="205">
<attrib name="value" value="1"/></item>
<item name="DOBDO8" rev="205">
<attrib name="value" value="1"/></item>
<item name="DOBDO9" rev="205">
<attrib name="value" value="1"/></item>
<item name="ENAWREN" rev="205">
<attrib name="value" value="1"/></item>
<item name="ENBRDEN" rev="205">
<attrib name="value" value="1"/></item>
<item name="REGCEA" rev="205">
<attrib name="value" value="1"/></item>
<item name="REGCEBREGCE" rev="205">
<attrib name="value" value="1"/></item>
<item name="RSTA" rev="205">
<attrib name="value" value="1"/></item>
<item name="RSTBRST" rev="205">
<attrib name="value" value="1"/></item>
<item name="WEAWEL0" rev="205">
<attrib name="value" value="1"/></item>
<item name="WEAWEL1" rev="205">
<attrib name="value" value="1"/></item>
<item name="WEBWEU0" rev="205">
<attrib name="value" value="1"/></item>
<item name="WEBWEU1" rev="205">
<attrib name="value" value="1"/></item>
</group>
</ReportPinData>
<CmdHistory>
</CmdHistory>
</DeviceUsageSummary>
